Workbook

Sheet Catálogo
A1: CATÁLOGO DE CÓDIGOS DE PLANTA
A2: CÓDIGO | B2: DESCRIPCIÓN HABITUAL
A3: LIN 501 | B3: Alarma comp N2 en descarga box siti
A4: ESM 403 | B4: Lavado de aplicaciones esmaltado
A5: PRE 101 | B5: Falla Hidráulica Prensa
A6: PRE 102 | B6: Atasco / Descuadre en salida prensa
A7: PRE 201 | B7: Cambio de Molde / Formato
A8: HOR 301 | B8: Vacío Horno por falta de alimentación
A9: HOR 302 | B9: Regulación térmica / curva de cocción
A10: MEC 105 | B10: Mantenimiento Mecánico General
A11: ELE 106 | B11: Falla de Sensores / Eléctrica
A12: O-999 | B12: Otros imprevistos

Sheet Registro Turnos
B2: TURNO: MAÑANA
B3: CÓDIGO | C3: PARADA MIN EQUIPO | D3: PARADA MIN PROG | E3: VACÍO HORNO MIN | F3: CAUSA / OBSERVACIÓN
B4: PRE 101 | C4: 35 | E4: 10 | F4: Falla electroválvula bomba principal
B5: HOR 301 | E5: 25 | F5: Falta alimentación por rotura compensador
B6: PRE 201 | D6: 30 | E6: 5 | F6: Cambio de espesor y formato
B11: TOTAL TURNO | C11: =SUM(C4:C10) -> 35 | D11: =SUM(D4:D10) -> 30 | E11: =SUM(E4:E10) -> 40 | F11: ="Total Pérdida: " & TEXT(ROUND(SUM(C11:E11), 0), "0") & " min | Disponibilidad: " & TEXT((480-SUM(C11:E11))/480, "0.0%") -> Total Pérdida: 105 min | Disponibilidad: 78%
B13: ACCIONES CORRECTIVAS & MEJORAS DE CALIDAD - TURNO: MAÑANA
B14: Hora | C14: Problema / Defecto | D14: Acción Correctiva / Preventiva | E14: Responsable | F14: Estado | G14: Observaciones
B15: 07:30 | C15: Descalibre en espesor de salida | D15: Ajuste de cota en galga central y reemplazo de placa de guía desgastada | E15: Mantenimiento | F15: cerrado | G15: Inspección conforme
B23: TURNO: TARDE
B24: CÓDIGO | C24: PARADA MIN EQUIPO | D24: PARADA MIN PROG | E24: VACÍO HORNO MIN | F24: CAUSA / OBSERVACIÓN
B25: ELE 106 | C25: 15 | E25: 5 | F25: Falla sensor inductivo fin de carrera
B26: ESM 403 | D26: 15 | E26: 10 | F26: Lavado programado de campanas
B27: PRE 102 | C27: 20 | E27: 5 | F27: Atasco y descuadre de placa
D28: 10 | E28: 20
B32: TOTAL TURNO: TARDE | C32: =SUM(C25:C31) -> 35 | D32: =SUM(D25:D31) -> 25 | E32: =SUM(E25:E31) -> 40 | F32: ="Total Pérdida: " & TEXT(ROUND(SUM(C32:E32), 0), "0") & " min | Disponibilidad: " & TEXT((480-SUM(C32:E32))/480, "0.0%") -> Total Pérdida: 100 min | Disponibilidad: 79%
B34: ACCIONES CORRECTIVAS & MEJORAS DE CALIDAD - TURNO: TARDE
B35: Hora | C35: Problema / Defecto | D35: Acción Correctiva / Preventiva | E35: Responsable | F35: Estado | G35: Observaciones
B36: 16:15 | C36: Atasco repetitivo en salida | D36: Limpieza profunda de rodillos y calibración fina de fotocélula de paso | E36: Operador | F36: Cerrado | G36: Controlado por 2 horas
B41: TURNO: NOCHE
B42: CÓDIGO | C42: PARADA MIN EQUIPO | D42: PARADA MIN PROG | E42: VACÍO HORNO MIN | F42: CAUSA / OBSERVACIÓN
B43: LIN 501 | C43: 2 | E43: 3 | F43: Alarma comp N2 en descarga box siti
B44: ESM 403 | D44: 10 | E44: 4 | F44: lavado de aplicaciones
B45: MEC 105 | C45: 25 | E45: 60 | F45: Regulación de correas transportadoras
B50: TOTAL TURNO: NOCHE | C50: =SUM(C43:C49) -> 27 | D50: =SUM(D43:D49) -> 10 | E50: =SUM(E43:E49) -> 67 | F50: ="Total Pérdida: " & TEXT(ROUND(SUM(C50:E50), 0), "0") & " min | Disponibilidad: " & TEXT((480-SUM(C50:E50))/480, "0.0%") -> Total Pérdida: 104 min | Disponibilidad: 78%
B52: ACCIONES CORRECTIVAS & MEJORAS DE CALIDAD - TURNO: NOCHE
B53: Hora | C53: Problema / Defecto | D53: Acción Correctiva / Preventiva | E53: Responsable | F53: Estado | G53: Observaciones
B54: 02:00 | C54: Alarma comp N2 descarga | D54: Purgado completo de circuito neumático, rearme de manómetro y reseteo | E54: Operador | F54: Cerrado | G54: Sin reincidencia en turno

Sheet Dashboard Ejecutivo
B1: DASHBOARD EJECUTIVO - RENDIMIENTO Y PÉRDIDAS OPERATIVAS (24 HS)
B3: PARADAS EQUIPO | E3: PARADAS PROGRAMADAS | H3: VACÍOS HORNO | K3: DISPONIBILIDAD GLOBAL
B4: ='Registro Turnos'!C11+'Registro Turnos'!C32+'Registro Turnos'!C50 -> 97 | E4: ='Registro Turnos'!D11+'Registro Turnos'!D32+'Registro Turnos'!D50 -> 65 | H4: ='Registro Turnos'!E11+'Registro Turnos'!E32+'Registro Turnos'!E50 -> 147 | K4: =(1440-(D12+E12+F12))/1440 -> 0.78541667
B5: Paradas imprevistas de equipos | E5: Cambios / lavados / setups | H5: Espacios en Horno | K5: Meta planta: > 88.0%
B7: RESUMEN CONSOLIDADO POR TURNO (24 HORAS)
B8: Turno | C8: Horas | D8: Min. Equipo | E8: Min. Prog. | F8: Vacío Horno | G8: Total Pérdida | H8: % Disponibilidad
B9: Mañana | C9: 8.0 hs | D9: ='Registro Turnos'!C11 -> 35 | E9: ='Registro Turnos'!D11 -> 30 | F9: ='Registro Turnos'!E11 -> 40 | G9: =SUM(D9:F9) -> 105 | H9: =(480-G9)/480 -> 0.78125
B10: Tarde | C10: 8.0 hs | D10: ='Registro Turnos'!C32 -> 35 | E10: ='Registro Turnos'!D32 -> 25 | F10: ='Registro Turnos'!E32 -> 40 | G10: =SUM(D10:F10) -> 100 | H10: =(480-G10)/480 -> 0.79166667
B11: Noche | C11: 8.0 hs | D11: ='Registro Turnos'!C50 -> 27 | E11: ='Registro Turnos'!D50 -> 10 | F11: ='Registro Turnos'!E50 -> 67 | G11: =SUM(D11:F11) -> 104 | H11: =(480-G11)/480 -> 0.78333333
B12: TOTAL DÍA | C12: 24.0 hs | D12: =SUM(D9:D11) -> 97 | E12: =SUM(E9:E11) -> 65 | F12: =SUM(F9:F11) -> 147 | G12: =SUM(G9:G11) -> 309 | H12: =(1440-G12)/1440 -> 0.78541667
B14: RANKING DE CÓDIGOS CON MAYOR PÉRDIDA EN EL DÍA (FÓRMULAS SUMAR.SI)
B15: Código | C15: Descripción | D15: Minutos Totales | E15: % Pérdida Día | F15: Criticidad
B16: PRE 101 | C16: Falla Hidráulica Prensa | D16: =SUMIF('Registro Turnos'!$B$4:$B$49, B16, 'Registro Turnos'!$C$4:$C$49) + SUMIF('Registro Turnos'!$B$4:$B$49, B16, 'Registro Turnos'!$D$4:$D$49) + SUMIF('Registro Turnos'!$B$4:$B$49, B16, 'Registro Turnos'!$E$4:$E$49) -> 45 | E16: =IF(G$12=0, 0, D16/G$12) -> 0.14563107 | F16: Alta
B17: ESM 403 | C17: Lavado de aplicaciones esmaltado | D17: =SUMIF('Registro Turnos'!$B$4:$B$49, B17, 'Registro Turnos'!$C$4:$C$49) + SUMIF('Registro Turnos'!$B$4:$B$49, B17, 'Registro Turnos'!$D$4:$D$49) + SUMIF('Registro Turnos'!$B$4:$B$49, B17, 'Registro Turnos'!$E$4:$E$49) -> 39 | E17: =IF(G$12=0, 0, D17/G$12) -> 0.12621359 | F17: Alta
B18: HOR 301 | C18: Vacío Horno por falta de alimentación | D18: =SUMIF('Registro Turnos'!$B$4:$B$49, B18, 'Registro Turnos'!$C$4:$C$49) + SUMIF('Registro Turnos'!$B$4:$B$49, B18, 'Registro Turnos'!$D$4:$D$49) + SUMIF('Registro Turnos'!$B$4:$B$49, B18, 'Registro Turnos'!$E$4:$E$49) -> 25 | E18: =IF(G$12=0, 0, D18/G$12) -> 0.080906149 | F18: Alta
B19: PRE 201 | C19: Cambio de Molde / Formato | D19: =SUMIF('Registro Turnos'!$B$4:$B$49, B19, 'Registro Turnos'!$C$4:$C$49) + SUMIF('Registro Turnos'!$B$4:$B$49, B19, 'Registro Turnos'!$D$4:$D$49) + SUMIF('Registro Turnos'!$B$4:$B$49, B19, 'Registro Turnos'!$E$4:$E$49) -> 35 | E19: =IF(G$12=0, 0, D19/G$12) -> 0.11326861 | F19: Media
B20: MEC 105 | C20: Mantenimiento Mecánico General | D20: =SUMIF('Registro Turnos'!$B$4:$B$49, B20, 'Registro Turnos'!$C$4:$C$49) + SUMIF('Registro Turnos'!$B$4:$B$49, B20, 'Registro Turnos'!$D$4:$D$49) + SUMIF('Registro Turnos'!$B$4:$B$49, B20, 'Registro Turnos'!$E$4:$E$49) -> 85 | E20: =IF(G$12=0, 0, D20/G$12) -> 0.27508091 | F20: Media
B21: ELE 106 | C21: Falla de Sensores / Eléctrica | D21: =SUMIF('Registro Turnos'!$B$4:$B$49, B21, 'Registro Turnos'!$C$4:$C$49) + SUMIF('Registro Turnos'!$B$4:$B$49, B21, 'Registro Turnos'!$D$4:$D$49) + SUMIF('Registro Turnos'!$B$4:$B$49, B21, 'Registro Turnos'!$E$4:$E$49) -> 20 | E21: =IF(G$12=0, 0, D21/G$12) -> 0.064724919 | F21: Media
B22: LIN 501 | C22: Alarma comp N2 en descarga box siti | D22: =SUMIF('Registro Turnos'!$B$4:$B$49, B22, 'Registro Turnos'!$C$4:$C$49) + SUMIF('Registro Turnos'!$B$4:$B$49, B22, 'Registro Turnos'!$D$4:$D$49) + SUMIF('Registro Turnos'!$B$4:$B$49, B22, 'Registro Turnos'!$E$4:$E$49) -> 5 | E22: =IF(G$12=0, 0, D22/G$12) -> 0.01618123 | F22: Media
