Workbook

Sheet Catálogo
A1: CATÁLOGO DE CÓDIGOS DE PARADAS Y VACÍOS
A2: Código | B2: Descripción del Evento | C2: Tipo
A3: P-101 | B3: Falla Mecánica General | C3: Parada
A4: P-102 | B4: Falla Hidráulica Prensa 1 | C4: Parada
A5: P-103 | B5: Falla Eléctrica / Sensores | C5: Parada
A6: P-104 | B6: Falta Barbotina / Masa | C6: Parada
A7: P-105 | B7: Atasco Salida Prensa | C7: Parada
A8: P-201 | B8: Cambio de Molde / Formato | C8: Parada Programada
A9: P-202 | B9: Mantenimiento Preventivo | C9: Parada Programada
A10: P-203 | B10: Limpieza de Punzones / Matrices | C10: Parada Operativa
A11: P-204 | B11: Falla Eléctrica Distribución | C11: Parada
A12: V-201 | B12: Vacío Horno / Falta carga L-2 | C12: Vacío Horno
A13: V-301 | B13: Vacío Horno - Regulación Térmica | C13: Vacío Horno
... A16: O-999 | B16: Otros / Imprevisto General | C16: Otros

Sheet Registro Diario
A1: PLANILLA ÚNICA DE REGISTRO DIARIO - CONTROL OPERATIVO POR TURNOS
A3: TURNO MAÑANA
A4: Turno | B4: Hora | C4: Cód. Motivo | D4: Descripción Motivo | E4: Min. Parada | F4: Min. Vacíos | G4: Total Min | H4: Observaciones del Evento
A5: Mañana | B5: 06:40 | C5: P-102 | D5: =IF(C5="","",IFERROR(VLOOKUP(C5,Catálogo!$A$3:$B$16,2,FALSE),"No Registrado")) -> Falla Hidráulica Prensa 1 | E5: 45 | F5: 15 | G5: =IF(AND(E5="",F5=""),"",SUM(E5,F5)) -> 60 | H5: Cambio de electroválvula sector A
A6: Mañana | B6: 08:15 | C6: V-201 | D6: =IF(C6="","",IFERROR(VLOOKUP(C6,Catálogo!$A$3:$B$16,2,FALSE),"No Registrado")) -> Vacío Horno / Falta carga L-2 | E6: 0 | F6: 35 | G6: =IF(AND(E6="",F6=""),"",SUM(E6,F6)) -> 35 | H6: Retraso en transferencia línea 2
A7: Mañana | B7: 10:30 | C7: P-105 | D7: =IF(C7="","",IFERROR(VLOOKUP(C7,Catálogo!$A$3:$B$16,2,FALSE),"No Registrado")) -> Atasco Salida Prensa | E7: 20 | F7: 10 | G7: =IF(AND(E7="",F7=""),"",SUM(E7,F7)) -> 30 | H7: Limpieza de matriz y sensores
A8: Mañana | B8: 12:00 | C8: P-201 | D8: =IF(C8="","",IFERROR(VLOOKUP(C8,Catálogo!$A$3:$B$16,2,FALSE),"No Registrado")) -> Cambio de Molde / Formato | E8: 30 | F8: 5 | G8: =IF(AND(E8="",F8=""),"",SUM(E8,F8)) -> 35 | H8: Ajuste de espesor según programa
A9: Mañana | B9: 0.50694444 | C9: P-102 | D9: =IF(C9="","",IFERROR(VLOOKUP(C9,Catálogo!$A$3:$B$16,2,FALSE),"No Registrado")) -> Falla Hidráulica Prensa 1 | E9: 10 | F9: 5 | G9: =IF(AND(E9="",F9=""),"",SUM(E9,F9)) -> 15 | H9: Bloqueo de cepos de seguridad
A10: Mañana | B10: 0.53472222 | C10: P-101 | D10: =IF(C10="","",IFERROR(VLOOKUP(C10,Catálogo!$A$3:$B$16,2,FALSE),"No Registrado")) -> Falla Mecánica General | E10: 20 | F10: 0 | G10: =IF(AND(E10="",F10=""),"",SUM(E10,F10)) -> 20 | H10: Falla cuchilla de tolva
D11: =IF(C11="","",IFERROR(VLOOKUP(C11,Catálogo!$A$3:$B$16,2,FALSE),"No Registrado")) | G11: =IF(AND(E11="",F11=""),"",SUM(E11,F11))
D12: =IF(C12="","",IFERROR(VLOOKUP(C12,Catálogo!$A$3:$B$16,2,FALSE),"No Registrado")) | G12: =IF(AND(E12="",F12=""),"",SUM(E12,F12))
A13: TOTALES MAÑANA | E13: =SUM(E5:E12) -> 125 | F13: =SUM(F5:F12) -> 70 | G13: =SUM(G5:G12) -> 195 | H13: ="Disponibilidad Turno: " & TEXT((480-G13)/480,"0.0%") -> Disponibilidad Turno: 59%
A15: Hora | B15: Problema / Defecto | C15: Acción Correctiva / Preventiva | E15: Responsable | F15: Estado | G15: Observaciones
A16: 07:10 | B16: Descalibre en espesor salida | C16: Desgaste placa guía | E16: Mantenimiento | F16: Cerrado | G16: cambio de guias
A17: 09:40 | B17: Defecto curvatura / alabeo | C17: Desgaste placa guía | E17: Operador / Calidad | F17: Cerrado | G17: cambio de cilo de temperatura de horno
A18: 0.41666667 | B18: suciedad sobre bizcocho | C18: ajuste de bateria de limpieza en prensas | E18: albeiro sebastian | F18: Cerrado | G18: se ajusta toda la bateria de limpieza en prensas
A23: TURNO TARDE
A24: Turno | B24: Hora | C24: Cód. Motivo | D24: Descripción Motivo | E24: Min. Parada | F24: Min. Vacíos | G24: Total Min | H24: Observaciones del Evento
A25: Tarde | B25: 15:10 | C25: P-103 | D25: =IF(C25="","",IFERROR(VLOOKUP(C25,Catálogo!$A$3:$B$16,2,FALSE),"No Registrado")) -> Falla Eléctrica / Sensores | E25: 25 | F25: 10 | G25: =IF(AND(E25="",F25=""),"",SUM(E25,F25)) -> 35 | H25: Falla en sensor inductivo salida
A26: Tarde | B26: 17:40 | C26: V-201 | D26: =IF(C26="","",IFERROR(VLOOKUP(C26,Catálogo!$A$3:$B$16,2,FALSE),"No Registrado")) -> Vacío Horno / Falta carga L-2 | E26: 0 | F26: 20 | G26: =IF(AND(E26="",F26=""),"",SUM(E26,F26)) -> 20 | H26: Espera de línea por cambio
A33: TOTALES TARDE | E33: =SUM(E25:E32) -> 25 | F33: =SUM(F25:F32) -> 30 | G33: =SUM(G25:G32) -> 55 | H33: ="Disponibilidad Turno: " & TEXT((480-G33)/480,"0.0%") -> Disponibilidad Turno: 89%
A35: Hora | B35: Problema / Defecto | C35: Acción Correctiva / Preventiva | E35: Responsable | F35: Estado | G35: Observaciones
A36: 15:30 | B36: Parada no programada sensor | C36: Limpieza y calibración de distancia | E36: Instrumentación | F36: Cerrado
A43: TURNO NOCHE
A44: Turno | B44: Hora | C44: Cód. Motivo | D44: Descripción Motivo | E44: Min. Parada | F44: Min. Vacíos | G44: Total Min | H44: Observaciones del Evento
A45: Noche | B45: 01:20 | C45: P-101 | D45: =IF(C45="","",IFERROR(VLOOKUP(C45,Catálogo!$A$3:$B$16,2,FALSE),"No Registrado")) -> Falla Mecánica General | E45: 30 | F45: 15 | G45: =IF(AND(E45="",F45=""),"",SUM(E45,F45)) -> 45 | H45: Ajuste de guías laterales de prensado
A46: Noche | B46: 04:00 | C46: P-204 | D46: =IF(C46="","",IFERROR(VLOOKUP(C46,Catálogo!$A$3:$B$16,2,FALSE),"No Registrado")) -> Falla Eléctrica Distribución | E46: 10 | F46: 0 | G46: =IF(AND(E46="",F46=""),"",SUM(E46,F46)) -> 10 | H46: Disparo térmico en bomba secundaria
A47: Noche | B47: 0.1875 | C47: V-301 | D47: =IF(C47="","",IFERROR(VLOOKUP(C47,Catálogo!$A$3:$B$16,2,FALSE),"No Registrado")) -> Vacío Horno - Regulación Térmica | E47: 40 | F47: 20 | G47: =IF(AND(E47="",F47=""),"",SUM(E47,F47)) -> 60 | H47: Peido de selección
D48: =IF(C48="","",IFERROR(VLOOKUP(C48,Catálogo!$A$3:$B$16,2,FALSE),"No Registrado")) | G48: =IF(AND(E48="",F48=""),"",SUM(E48,F48))
D49: =IF(C49="","",IFERROR(VLOOKUP(C49,Catálogo!$A$3:$B$16,2,FALSE),"No Registrado")) | G49: =IF(AND(E49="",F49=""),"",SUM(E49,F49))
D50: =IF(C50="","",IFERROR(VLOOKUP(C50,Catálogo!$A$3:$B$16,2,FALSE),"No Registrado")) | G50: =IF(AND(E50="",F50=""),"",SUM(E50,F50))
D51: =IF(C51="","",IFERROR(VLOOKUP(C51,Catálogo!$A$3:$B$16,2,FALSE),"No Registrado")) | G51: =IF(AND(E51="",F51=""),"",SUM(E51,F51))
D52: =IF(C52="","",IFERROR(VLOOKUP(C52,Catálogo!$A$3:$B$16,2,FALSE),"No Registrado")) | G52: =IF(AND(E52="",F52=""),"",SUM(E52,F52))
A53: TOTALES NOCHE | E53: =SUM(E45:E52) -> 80 | F53: =SUM(F45:F52) -> 35 | G53: =SUM(G45:G52) -> 115 | H53: ="Disponibilidad Turno: " & TEXT((480-G53)/480,"0.0%") -> Disponibilidad Turno: 76%
A55: Hora | B55: Problema / Defecto | C55: Acción Correctiva / Preventiva | E55: Responsable | F55: Estado | G55: Observaciones
A56: 01:45 | B56: Burbujas en prensado | C56: Purgado y regulación de presión | E56: Operador | F56: En Proceso

Sheet Dashboard Ejecutivo
B1: DASHBOARD EJECUTIVO - CONSOLIDADO GENERAL DE PARADAS Y VACÍOS
B3: TOTAL PARADAS DÍA | E3: TOTAL VACÍOS HORNO
B4: ='Registro Diario'!E13+'Registro Diario'!E33+'Registro Diario'!E53 -> 230 | E4: ='Registro Diario'!F13+'Registro Diario'!F33+'Registro Diario'!F53 -> 135
B5: Paradas de Maquinas, Transporte, Etc. | E5: Pérdidas por espacios en Horno
B7: CONSOLIDADO OPERATIVO POR TURNO (SUMARIZADO DIRECTO)
B8: Turno | C8: Horas Turno | D8: Min. Paradas | E8: Min. Vacíos | F8: Min. Operativos | G8: % Disponibilidad | H8: Total Eventos
B9: Mañana | C9: 8.0 hs | D9: ='Registro Diario'!E13 -> 125 | E9: ='Registro Diario'!F13 -> 70 | F9: =480-(D9+E9) -> 285 | G9: =F9/480 -> 0.59375 | H9: =COUNTA('Registro Diario'!B5:B12) -> 6
B10: Tarde | C10: 8.0 hs | D10: ='Registro Diario'!E33 -> 25 | E10: ='Registro Diario'!F33 -> 30 | F10: =480-(D10+E10) -> 425 | G10: =F10/480 -> 0.88541667 | H10: =COUNTA('Registro Diario'!B25:B32) -> 2
B11: Noche | C11: 8.0 hs | D11: ='Registro Diario'!E53 -> 80 | E11: ='Registro Diario'!F53 -> 35 | F11: =480-(D11+E11) -> 365 | G11: =F11/480 -> 0.76041667 | H11: =COUNTA('Registro Diario'!B45:B52) -> 3
B12: TOTAL DÍA | C12: 24.0 hs | D12: =SUM(D9:D11) -> 230 | E12: =SUM(E9:E11) -> 135 | F12: =SUM(F9:F11) -> 1075 | G12: =F12/1440 -> 0.74652778 | H12: =SUM(H9:H11) -> 11
B14: RANKING DE MOTIVOS CON MAYOR IMPACTO (DÍA COMPLETO)
B15: Código | C15: Motivo / Causa | D15: Minutos Totales | E15: % del Total Pérdidas
B16: P-102 | C16: Falla Hidráulica Prensa 1 | D16: =SUMIF('Registro Diario'!$C$5:$C$52, B16, 'Registro Diario'!$G$5:$G$52) -> 75 | E16: =IF(($D$12+$E$12)=0, 0, D16/($D$12+$E$12)) -> 0.20547945
B17: V-201 | C17: Vacío Horno / Falta carga L-2 | D17: =SUMIF('Registro Diario'!$C$5:$C$52, B17, 'Registro Diario'!$G$5:$G$52) -> 55 | E17: =IF(($D$12+$E$12)=0, 0, D17/($D$12+$E$12)) -> 0.15068493
B18: P-201 | C18: Cambio de Molde / Formato | D18: =SUMIF('Registro Diario'!$C$5:$C$52, B18, 'Registro Diario'!$G$5:$G$52) -> 35 | E18: =IF(($D$12+$E$12)=0, 0, D18/($D$12+$E$12)) -> 0.095890411
B19: P-105 | C19: Atasco Salida Prensa | D19: =SUMIF('Registro Diario'!$C$5:$C$52, B19, 'Registro Diario'!$G$5:$G$52) -> 30 | E19: =IF(($D$12+$E$12)=0, 0, D19/($D$12+$E$12)) -> 0.082191781
B20: P-101 | C20: Falla Mecánica General | D20: =SUMIF('Registro Diario'!$C$5:$C$52, B20, 'Registro Diario'!$G$5:$G$52) -> 65 | E20: =IF(($D$12+$E$12)=0, 0, D20/($D$12+$E$12)) -> 0.17808219
B21: P-103 | C21: Falla Eléctrica / Sensores | D21: =SUMIF('Registro Diario'!$C$5:$C$52, B21, 'Registro Diario'!$G$5:$G$52) -> 35 | E21: =IF(($D$12+$E$12)=0, 0, D21/($D$12+$E$12)) -> 0.095890411
