Workbook

Sheet Catálogo Códigos
A1: CATÁLOGO OFICIAL DE PARADAS Y VACÍOS
A2: Código | B2: Motivo / Causa Frecuente | C2: Categoría Operativa
A3: P-101 | B3: Falla Mecánica General | C3: Mecánica
A4: P-102 | B4: Falla Hidráulica Prensa 1 | C4: Prensas
A5: P-103 | B5: Falla Eléctrica / Sensores | C5: Electricidad
A6: P-104 | B6: Falta Barbotina / Alimentación | C6: Operativa
A7: P-105 | B7: Atasco Salida Prensa | C7: Prensas
A8: P-201 | B8: Cambio de Molde / Formato | C8: Programada
A9: P-202 | B9: Mantenimiento Preventivo | C9: Programada
A10: P-203 | B10: Limpieza de Punzones / Matrices | C10: Operativa
A11: P-204 | B11: Falla Eléctrica Distribución | C11: Electricidad
A12: V-201 | B12: Vacío Horno / Falta carga L-2 | C12: Vacío Horno
A13: V-301 | B13: Vacío Horno - Regulación Térmica | C13: Vacío Horno
... A16: O-999 | B16: Otros / Imprevisto General | C16: Otros

Sheet Turno Mañana
A1: VISTA 1: HOJA DE TURNO (TURNO MAÑANA - 06:00 a 14:00)
A3: 1. Registro de Paradas y Minutos de Vacíos
A4: Hora | B4: Cód. Motivo | C4: Motivo Parada | D4: Min. Parada | E4: Min. Vacíos | F4: Observaciones
A5: 06:40 | B5: P-102 | C5: =IF(B5="","",IFERROR(VLOOKUP(B5,'Catálogo Códigos'!$A$3:$B$16,2,FALSE),"No Registrado")) | D5: 45 | E5: 15 | F5: Cambio de electroválvula sector A
A6: 08:15 | B6: V-201 | C6: =IF(B6="","",IFERROR(VLOOKUP(B6,'Catálogo Códigos'!$A$3:$B$16,2,FALSE),"No Registrado")) | D6: 0 | E6: 35 | F6: Retraso en transferencia línea 2
A7: 10:30 | B7: P-105 | C7: =IF(B7="","",IFERROR(VLOOKUP(B7,'Catálogo Códigos'!$A$3:$B$16,2,FALSE),"No Registrado")) | D7: 20 | E7: 10 | F7: Limpieza de matriz y sensores
A8: 12:00 | B8: P-301 | C8: =IF(B8="","",IFERROR(VLOOKUP(B8,'Catálogo Códigos'!$A$3:$B$16,2,FALSE),"No Registrado")) | D8: 30 | E8: 5 | F8: Ajuste de espesor según programa
C9: =IF(B9="","",IFERROR(VLOOKUP(B9,'Catálogo Códigos'!$A$3:$B$16,2,FALSE),"No Registrado"))
C10: =IF(B10="","",IFERROR(VLOOKUP(B10,'Catálogo Códigos'!$A$3:$B$16,2,FALSE),"No Registrado"))
C11: =IF(B11="","",IFERROR(VLOOKUP(B11,'Catálogo Códigos'!$A$3:$B$16,2,FALSE),"No Registrado"))
C12: =IF(B12="","",IFERROR(VLOOKUP(B12,'Catálogo Códigos'!$A$3:$B$16,2,FALSE),"No Registrado"))
C13: =IF(B13="","",IFERROR(VLOOKUP(B13,'Catálogo Códigos'!$A$3:$B$16,2,FALSE),"No Registrado"))
C14: =IF(B14="","",IFERROR(VLOOKUP(B14,'Catálogo Códigos'!$A$3:$B$16,2,FALSE),"No Registrado"))
C15: =IF(B15="","",IFERROR(VLOOKUP(B15,'Catálogo Códigos'!$A$3:$B$16,2,FALSE),"No Registrado"))
C16: =IF(B16="","",IFERROR(VLOOKUP(B16,'Catálogo Códigos'!$A$3:$B$16,2,FALSE),"No Registrado"))
A17: TOTALES DE PARADAS Y VACÍOS DEL TURNO | D17: =SUM(D5:D16) | E17: =SUM(E5:E16) | F17: ="Pérdida Total: " & TEXT(D17+E17,"#,##0") & " min"
A20: 2. Registro de Acciones Correctivas & Mejoras de Calidad
A21: Hora | B21: Problema / Defecto | C21: Causa Raíz | D21: Acción Inmediata / Preventiva | E21: Responsable / Estado | F21: Seguimiento
A22: 07:10 | B22: Descalibre en espesor salida | C22: Desgaste placa guía | D22: Ajuste de cota y cambio de placa | E22: Mantenimiento [CERRADO]
A23: 09:40 | B23: Defecto de curvatura / planitud | C23: Gradiente térmico horno | D23: Rebalanceo de quemadores rampa 1 | E23: Operador / Calidad [OK]
A24: 11:20 | B24: Burbujas en prensado | C24: Humedad alta en tolva | D24: Purgado y ajuste de presión hidráulica | E24: En Proceso
A29: ="TOTALES TURNO: " & TEXT(D17,"#,##0") & " Minutos de Parada | " & TEXT(E17,"#,##0") & " Minutos de Vacío | Eficiencia Neta: " & TEXT((480-(D17+E17))/480,"0.0%")

Sheet Turno Tarde
A1: VISTA 1: HOJA DE TURNO (TURNO TARDE - 14:00 a 22:00)
A3: 1. Registro de Paradas y Minutos de Vacíos
A4: Hora | B4: Cód. Motivo | C4: Motivo Parada | D4: Min. Parada | E4: Min. Vacíos | F4: Observaciones
A5: 15:10 | B5: P-102 | C5: =IF(B5="","",IFERROR(VLOOKUP(B5,'Catálogo Códigos'!$A$3:$B$16,2,FALSE),"No Registrado")) | D5: 20 | E5: 10 | F5: Falla en válvula de prellenado
A6: 17:40 | B6: V-201 | C6: =IF(B6="","",IFERROR(VLOOKUP(B6,'Catálogo Códigos'!$A$3:$B$16,2,FALSE),"No Registrado")) | D6: 0 | E6: 15 | F6: Espera de vagoneta
A7: 20:00 | B7: P-105 | C7: =IF(B7="","",IFERROR(VLOOKUP(B7,'Catálogo Códigos'!$A$3:$B$16,2,FALSE),"No Registrado")) | D7: 30 | E7: 5 | F7: Desalineación de rodillos de salida
C8: =IF(B8="","",IFERROR(VLOOKUP(B8,'Catálogo Códigos'!$A$3:$B$16,2,FALSE),"No Registrado"))
C9: =IF(B9="","",IFERROR(VLOOKUP(B9,'Catálogo Códigos'!$A$3:$B$16,2,FALSE),"No Registrado"))
C10: =IF(B10="","",IFERROR(VLOOKUP(B10,'Catálogo Códigos'!$A$3:$B$16,2,FALSE),"No Registrado"))
C11: =IF(B11="","",IFERROR(VLOOKUP(B11,'Catálogo Códigos'!$A$3:$B$16,2,FALSE),"No Registrado"))
C12: =IF(B12="","",IFERROR(VLOOKUP(B12,'Catálogo Códigos'!$A$3:$B$16,2,FALSE),"No Registrado"))
C13: =IF(B13="","",IFERROR(VLOOKUP(B13,'Catálogo Códigos'!$A$3:$B$16,2,FALSE),"No Registrado"))
C14: =IF(B14="","",IFERROR(VLOOKUP(B14,'Catálogo Códigos'!$A$3:$B$16,2,FALSE),"No Registrado"))
C15: =IF(B15="","",IFERROR(VLOOKUP(B15,'Catálogo Códigos'!$A$3:$B$16,2,FALSE),"No Registrado"))
C16: =IF(B16="","",IFERROR(VLOOKUP(B16,'Catálogo Códigos'!$A$3:$B$16,2,FALSE),"No Registrado"))
A17: TOTALES DE PARADAS Y VACÍOS DEL TURNO | D17: =SUM(D5:D16) | E17: =SUM(E5:E16) | F17: ="Pérdida Total: " & TEXT(D17+E17,"#,##0") & " min"
A20: 2. Registro de Acciones Correctivas & Mejoras de Calidad
A21: Hora | B21: Problema / Defecto | C21: Causa Raíz | D21: Acción Inmediata / Preventiva | E21: Responsable / Estado | F21: Seguimiento
A22: 16:00 | B22: Descuadre continuo | C22: Guía floja | D22: Fijación y apriete de bancada | E22: Mantenimiento [CERRADO]
A29: ="TOTALES TURNO: " & TEXT(D17,"#,##0") & " Minutos de Parada | " & TEXT(E17,"#,##0") & " Minutos de Vacío | Eficiencia Neta: " & TEXT((480-(D17+E17))/480,"0.0%")

Sheet Turno Noche
A1: VISTA 1: HOJA DE TURNO (TURNO NOCHE - 22:00 a 06:00)
A3: 1. Registro de Paradas y Minutos de Vacíos
A4: Hora | B4: Cód. Motivo | C4: Motivo Parada | D4: Min. Parada | E4: Min. Vacíos | F4: Observaciones
A5: 01:20 | B5: P-204 | C5: =IF(B5="","",IFERROR(VLOOKUP(B5,'Catálogo Códigos'!$A$3:$B$16,2,FALSE),"No Registrado")) | D5: 20 | E5: 0 | F5: Disparo térmico en bomba principal
A6: 04:00 | B6: P-301 | C6: =IF(B6="","",IFERROR(VLOOKUP(B6,'Catálogo Códigos'!$A$3:$B$16,2,FALSE),"No Registrado")) | D6: 20 | E6: 15 | F6: Regulación de molde cerámico
C7: =IF(B7="","",IFERROR(VLOOKUP(B7,'Catálogo Códigos'!$A$3:$B$16,2,FALSE),"No Registrado"))
C8: =IF(B8="","",IFERROR(VLOOKUP(B8,'Catálogo Códigos'!$A$3:$B$16,2,FALSE),"No Registrado"))
C9: =IF(B9="","",IFERROR(VLOOKUP(B9,'Catálogo Códigos'!$A$3:$B$16,2,FALSE),"No Registrado"))
C10: =IF(B10="","",IFERROR(VLOOKUP(B10,'Catálogo Códigos'!$A$3:$B$16,2,FALSE),"No Registrado"))
C11: =IF(B11="","",IFERROR(VLOOKUP(B11,'Catálogo Códigos'!$A$3:$B$16,2,FALSE),"No Registrado"))
C12: =IF(B12="","",IFERROR(VLOOKUP(B12,'Catálogo Códigos'!$A$3:$B$16,2,FALSE),"No Registrado"))
C13: =IF(B13="","",IFERROR(VLOOKUP(B13,'Catálogo Códigos'!$A$3:$B$16,2,FALSE),"No Registrado"))
C14: =IF(B14="","",IFERROR(VLOOKUP(B14,'Catálogo Códigos'!$A$3:$B$16,2,FALSE),"No Registrado"))
C15: =IF(B15="","",IFERROR(VLOOKUP(B15,'Catálogo Códigos'!$A$3:$B$16,2,FALSE),"No Registrado"))
C16: =IF(B16="","",IFERROR(VLOOKUP(B16,'Catálogo Códigos'!$A$3:$B$16,2,FALSE),"No Registrado"))
A17: TOTALES DE PARADAS Y VACÍOS DEL TURNO | D17: =SUM(D5:D16) | E17: =SUM(E5:E16) | F17: ="Pérdida Total: " & TEXT(D17+E17,"#,##0") & " min"
A20: 2. Registro de Acciones Correctivas & Mejoras de Calidad
A21: Hora | B21: Problema / Defecto | C21: Causa Raíz | D21: Acción Inmediata / Preventiva | E21: Responsable / Estado | F21: Seguimiento
A22: 02:00 | B22: Temperatura elevada bomba | C22: Nivel de aceite bajo | D22: Relleno de lubricante hidráulico | E22: Mantenimiento [CERRADO]
A29: ="TOTALES TURNO: " & TEXT(D17,"#,##0") & " Minutos de Parada | " & TEXT(E17,"#,##0") & " Minutos de Vacío | Eficiencia Neta: " & TEXT((480-(D17+E17))/480,"0.0%")

Sheet Resumen Diario
A1: RESUMEN CONSOLIDADO DIARIO DE PRODUCCIÓN
A3: Turno | B3: Horas Turno | C3: Min. Paradas | D3: Min. Vacíos | E3: Tiempo Operativo | F3: % Disponibilidad | G3: Total Eventos
A4: Mañana | B4: 8.0 hs | C4: ='Turno Mañana'!D17 | D4: ='Turno Mañana'!E17 | E4: =480-(C4+D4) | F4: =E4/480 | G4: =COUNTA('Turno Mañana'!B5:B16)
A5: Tarde | B5: 8.0 hs | C5: ='Turno Tarde'!D17 | D5: ='Turno Tarde'!E17 | E5: =480-(C5+D5) | F5: =E5/480 | G5: =COUNTA('Turno Tarde'!B5:B16)
A6: Noche | B6: 8.0 hs | C6: ='Turno Noche'!D17 | D6: ='Turno Noche'!E17 | E6: =480-(C6+D6) | F6: =E6/480 | G6: =COUNTA('Turno Noche'!B5:B16)
A7: TOTAL DÍA | B7: 24.0 hs | C7: =SUM(C4:C6) | D7: =SUM(D4:D6) | E7: =SUM(E4:E6) | F7: =E7/1440 | G7: =SUM(G4:G6)

Sheet Informe Ejecutivo
A1: VISTA 2: INFORME EJECUTIVO & RESUMEN DIARIO (CONSOLIDADO)
A3: TOTAL PARADAS DÍA | D3: TOTAL VACÍOS HORNO | G3: DISPONIBILIDAD | J3: ACCIONES TOMADAS
A4: ='Resumen Diario'!C7 | D4: ='Resumen Diario'!D7 | G4: ='Resumen Diario'!F7 | J4: ='Resumen Diario'!G7
A5: Turno más afectado: Mañana | D5: Pico en cambio de turno | G5: Meta: > 88% (+1.4%) | J5: 100% Tratadas
A7: Tabla Consolidada del Día (Fórmulas Automáticas SUMAR.SI / BUSCARX)
A8: Turno | B8: Horas Turno | C8: Min. Paradas | D8: Min. Vacíos | E8: Tiempo Operativo | F8: % Disponibilidad | G8: Total Eventos
A9: Mañana | B9: 8.0 hs | C9: ='Resumen Diario'!C4 | D9: ='Resumen Diario'!D4 | E9: ='Resumen Diario'!E4 | F9: ='Resumen Diario'!F4 | G9: ='Resumen Diario'!G4
A10: Tarde | B10: 8.0 hs | C10: ='Resumen Diario'!C5 | D10: ='Resumen Diario'!D5 | E10: ='Resumen Diario'!E5 | F10: ='Resumen Diario'!F5 | G10: ='Resumen Diario'!G5
A11: Noche | B11: 8.0 hs | C11: ='Resumen Diario'!C6 | D11: ='Resumen Diario'!D6 | E11: ='Resumen Diario'!E6 | F11: ='Resumen Diario'!F6 | G11: ='Resumen Diario'!G6
A12: TOTAL DÍA | B12: 24.0 hs | C12: ='Resumen Diario'!C7 | D12: ='Resumen Diario'!D7 | E12: ='Resumen Diario'!E7 | F12: ='Resumen Diario'!F7 | G12: ='Resumen Diario'!G7
A15: Top 5 Códigos con Mayor Impacto (Minutos Acumulados Día)
A16: Código | B16: Motivo Principal | C16: Min. Totales | D16: % Impacto | E16: Clasificación
A17: P-102 | B17: Falla Hidráulica Prensa 1 | C17: =SUMIF('Turno Mañana'!$B$5:$B$16, A17, 'Turno Mañana'!$D$5:$D$16) + SUMIF('Turno Mañana'!$B$5:$B$16, A17, 'Turno Mañana'!$E$5:$E$16) + SUMIF('Turno Tarde'!$B$5:$B$16, A17, 'Turno Tarde'!$D$5:$D$16) + SUMIF('Turno Tarde'!$B$5:$B$16, A17, 'Turno Tarde'!$E$5:$E$16) + SUMIF('Turno Noche'!$B$5:$B$16, A17, 'Turno Noche'!$D$5:$D$16) + SUMIF('Turno Noche'!$B$5:$B$16, A17, 'Turno Noche'!$E$5:$E$16) | D17: =C17/('Resumen Diario'!$C$7+'Resumen Diario'!$D$7) | E17: Crítico
A18: V-201 | B18: Vacío Horno / Falta carga L-2 | C18: =SUMIF('Turno Mañana'!$B$5:$B$16, A18, 'Turno Mañana'!$D$5:$D$16) + SUMIF('Turno Mañana'!$B$5:$B$16, A18, 'Turno Mañana'!$E$5:$E$16) + SUMIF('Turno Tarde'!$B$5:$B$16, A18, 'Turno Tarde'!$D$5:$D$16) + SUMIF('Turno Tarde'!$B$5:$B$16, A18, 'Turno Tarde'!$E$5:$E$16) + SUMIF('Turno Noche'!$B$5:$B$16, A18, 'Turno Noche'!$D$5:$D$16) + SUMIF('Turno Noche'!$B$5:$B$16, A18, 'Turno Noche'!$E$5:$E$16) | D18: =C18/('Resumen Diario'!$C$7+'Resumen Diario'!$D$7) | E18: Crítico
A19: P-301 | B19: Cambio de Molde / Formato | C19: =SUMIF('Turno Mañana'!$B$5:$B$16, A19, 'Turno Mañana'!$D$5:$D$16) + SUMIF('Turno Mañana'!$B$5:$B$16, A19, 'Turno Mañana'!$E$5:$E$16) + SUMIF('Turno Tarde'!$B$5:$B$16, A19, 'Turno Tarde'!$D$5:$D$16) + SUMIF('Turno Tarde'!$B$5:$B$16, A19, 'Turno Tarde'!$E$5:$E$16) + SUMIF('Turno Noche'!$B$5:$B$16, A19, 'Turno Noche'!$D$5:$D$16) + SUMIF('Turno Noche'!$B$5:$B$16, A19, 'Turno Noche'!$E$5:$E$16) | D19: =C19/('Resumen Diario'!$C$7+'Resumen Diario'!$D$7) | E19: Atención
A20: P-105 | B20: Atasco Salida Prensa | C20: =SUMIF('Turno Mañana'!$B$5:$B$16, A20, 'Turno Mañana'!$D$5:$D$16) + SUMIF('Turno Mañana'!$B$5:$B$16, A20, 'Turno Mañana'!$E$5:$E$16) + SUMIF('Turno Tarde'!$B$5:$B$16, A20, 'Turno Tarde'!$D$5:$D$16) + SUMIF('Turno Tarde'!$B$5:$B$16, A20, 'Turno Tarde'!$E$5:$E$16) + SUMIF('Turno Noche'!$B$5:$B$16, A20, 'Turno Noche'!$D$5:$D$16) + SUMIF('Turno Noche'!$B$5:$B$16, A20, 'Turno Noche'!$E$5:$E$16) | D20: =C20/('Resumen Diario'!$C$7+'Resumen Diario'!$D$7) | E20: Atención
A21: P-204 | B21: Falla Eléctrica Distribución | C21: =SUMIF('Turno Mañana'!$B$5:$B$16, A21, 'Turno Mañana'!$D$5:$D$16) + SUMIF('Turno Mañana'!$B$5:$B$16, A21, 'Turno Mañana'!$E$5:$E$16) + SUMIF('Turno Tarde'!$B$5:$B$16, A21, 'Turno Tarde'!$D$5:$D$16) + SUMIF('Turno Tarde'!$B$5:$B$16, A21, 'Turno Tarde'!$E$5:$E$16) + SUMIF('Turno Noche'!$B$5:$B$16, A21, 'Turno Noche'!$D$5:$D$16) + SUMIF('Turno Noche'!$B$5:$B$16, A21, 'Turno Noche'!$E$5:$E$16) | D21: =C21/('Resumen Diario'!$C$7+'Resumen Diario'!$D$7) | E21: Atención
